bin,MAE,RMSE,R2
short,155.66786773254617,169.80560833125435,-560.4070333983992
medium,141.9764983463679,154.83344230000483,-115.70166430862106
long,127.14147766174439,137.4997439589068,-7.648229038375273
