R2,RMSE,MAE,sMAPE_%
-6.380714003378897,152.70975880184525,139.9290036111224,111.0654103559849
