bin,MAE,RMSE,R2
short,141.54542753644716,148.4732940752217,-431.1141286907606
medium,125.68515558630534,131.9096484123371,-85.20497918620839
long,104.00507922819749,109.92279247416342,-11.625415447923322
