R2,RMSE,MAE,sMAPE_%
-9.100518039296785,132.1186654189246,124.9549576083129,117.31863596853512
