bin,MAE,RMSE,R2
short,212.2429512372765,279.5175341262938,-1524.1405405641888
medium,131.22113170156055,170.64947092216,-141.6709675997599
long,107.29042815638665,125.84326400405014,-3.8446927579147205
