R2,RMSE,MAE,sMAPE_%
-8.199096582620468,190.70126863293538,142.45992674780993,114.60189557686562
