bin,MAE,RMSE,R2
short,125.03687017149947,134.30681230542544,-352.49912273215926
medium,112.784275081358,119.86681205658455,-70.53950666560415
long,97.69226471318599,102.98559569187006,-10.174016857217433
