R2,RMSE,MAE,sMAPE_%
-7.499037380741177,120.56334498483682,112.68577045979869,112.97737936466683
