R2,RMSE,MAE,sMAPE_%
-7.773128674297908,123.13162282358834,114.33397203646253,112.83383993692632
