set,count,ratio
train,43007,0.7999962796927026
test,10752,0.20000372030729738
