bin,MAE,RMSE,R2
short,146.44710742254,165.0481996090259,-530.7571465380946
medium,134.72253095043388,152.33774496870805,-112.69484119542871
long,129.4547176851361,144.55208323409204,-5.392268397745072
