R2,RMSE,MAE,sMAPE_%
-4.905254132126088,152.79188504700576,135.67041634289535,107.69358984524263
