bin,MAE,RMSE,R2
short,146.6189945522642,165.38693833503402,-532.9421031927867
medium,134.9501717988408,152.76164931672685,-113.32847002782187
long,129.91179614985265,145.19249881320562,-5.449033771798389
