R2,RMSE,MAE,sMAPE_%
-4.94221612268393,153.26931433975554,135.97038279865015,107.75243552507368
