bin,MAE,RMSE,R2
short,123.70405749146936,133.44843355902248,-347.99501052132905
medium,110.91977927724734,118.4184791526264,-68.82114860989356
long,95.8018739707372,101.15326472074393,-9.779935436845001
