R2,RMSE,MAE,sMAPE_%
-7.313864147517114,119.24272190873863,110.98028160661974,112.10937790131979
