bin,MAE,RMSE,R2
short,143.89305471064137,149.90158991213065,-439.46789288310265
medium,125.09384423973765,131.07036289486504,-84.11149704490515
long,103.26206607151317,108.86803925947179,-11.384286056841841
