R2,RMSE,MAE,sMAPE_%
-9.087529864240784,132.03369292819445,125.23677366385932,117.48564771183554
