bin,MAE,RMSE,R2
short,155.89414135041292,170.06692267960352,-562.1362647932983
medium,142.20785444102103,155.06762295094958,-116.0549463726823
long,127.35029246117743,137.6743085123522,-7.6702019164298125
