R2,RMSE,MAE,sMAPE_%
-6.402101505727861,152.93085649444245,140.15074227100834,111.13056741942864
