bin,MAE,RMSE,R2
short,132.74972603550333,140.86045658608742,-387.9376286922691
medium,118.27415677790164,124.99006399751222,-76.39808343244914
long,100.3502932782061,105.92404865077532,-10.723554769329844
