R2,RMSE,MAE,sMAPE_%
-8.133562401147508,125.6355235466811,118.0938161753517,114.8888520452094
