bin,MAE,RMSE,R2
short,179.7757408462576,195.08348241086782,-741.9040941875005
medium,152.71944562152422,173.17691926213521,-145.9283945948199
long,127.8812480571457,148.8043768829922,-5.773883186043207
