R2,RMSE,MAE,sMAPE_%
-6.349517821240212,170.45526356376092,150.13948263533692,110.57305817589773
