bin,MAE,RMSE,R2
short,146.13035583496094,164.77916685104643,-529.0249633789062
medium,133.6250457763672,151.51721617319598,-111.4733657836914
long,127.87079620361328,143.17467069326543,-5.271027088165283
