R2,RMSE,MAE,sMAPE_%
-4.83835506439209,151.9239504447867,134.58505249023438,107.15947137118656
