R2,RMSE,MAE,sMAPE_%
-4.419582660734574,146.37399128033053,128.42076991879867,104.85660658262998
