bin,MAE,RMSE,R2
short,126.16798814120654,136.678546051915,-365.1866261364341
medium,114.96081163306744,122.85273283284667,-73.77369964976054
long,99.21625694119675,105.2812004418708,-10.58168713781859
