bin,MAE,RMSE,R2
short,167.48507358013956,179.38394150041933,-625.5286190487492
medium,154.34108628257536,165.31540210368877,-132.03752193250818
long,133.67631941948449,143.80454639932293,-8.459509921569579
