R2,RMSE,MAE,sMAPE_%
-7.25663793841461,161.51736579846272,149.99908157547156,114.42914987591062
