bin,MAE,RMSE,R2
short,175.6556061038847,185.70184305449175,-670.4384651383309
medium,157.89041853422808,168.3529411808757,-136.9713543015714
long,134.4002104292544,144.4069909039604,-8.538933932105865
