R2,RMSE,MAE,sMAPE_%
-7.581923735130898,164.66827197257678,153.66455632911524,115.46118937379124
