bin,MAE,RMSE,R2
short,147.63768368405823,153.18338373073604,-458.96532767591214
medium,127.77125376922947,133.70295728356348,-87.56482161347547
long,104.39251019288322,110.17401752116731,-11.683191366191522
