R2,RMSE,MAE,sMAPE_%
-9.482317342103448,134.59254506848697,127.84205643643949,118.30573311431687
