bin,MAE,RMSE,R2
short,123.72004446282702,133.50210853356458,-348.2758091041517
medium,110.90376105806581,118.43092567252505,-68.83582665663064
long,95.65163847531906,101.0412791809649,-9.756079980363824
