R2,RMSE,MAE,sMAPE_%
-7.313777769846443,119.24210246541281,110.93939831475384,112.08288688043537
