bin,MAE,RMSE,R2
short,148.49951930897353,164.93990778682183,-528.6942811456648
medium,136.8522615735769,151.28301091089958,-110.4109378475352
long,124.7134050418272,136.0894091512394,-7.471729122122008
