bin,MAE,RMSE,R2
short,122.8759536743164,132.8210291378967,-344.72113037109375
medium,109.26567840576172,117.21389702697373,-67.40790557861328
long,94.2198257446289,99.93842831026011,-9.52255916595459
