R2,RMSE,MAE,sMAPE_%
-7.175188064575195,118.24404963226479,109.60234832763672,111.36693537014217
