set,count,ratio
train,16504,0.7999612234016771
test,4127,0.20003877659832292
