bin,MAE,RMSE,R2
short,126.82984161376953,136.71765356703207,-365.3961486816406
medium,114.72422790527344,122.36232298357815,-73.17792510986328
long,99.11720275878906,105.0972903061135,-10.541258811950684
