R2,RMSE,MAE,sMAPE_%
-7.739387512207031,122.8946131345878,114.41226959228516,113.12238271717862
