bin,MAE,RMSE,R2
short,150.0938262939453,166.01044771338942,-535.592529296875
medium,137.64599609375,151.770977751018,-111.13081359863281
long,125.00426483154297,136.0513029384504,-7.466985702514648
