R2,RMSE,MAE,sMAPE_%
-6.120402812957764,149.9926104950674,136.09742736816406,109.41724357313214
