bin,MAE,RMSE,R2
short,137.40623573458413,157.23810223736118,-481.6222497378721
medium,126.72569171931785,145.2848987223749,-102.4109824987384
long,124.13913766870652,139.8223131082085,-4.980799685063671
