bin,MAE,RMSE,R2
short,168.26222120647424,179.20791960958238,-624.2996501303351
medium,151.38729389433232,162.34298452354793,-127.29642733347788
long,131.81559147276022,141.69292110556387,-8.183742778636914
