R2,RMSE,MAE,sMAPE_%
-7.064299995908366,159.62501105167524,148.38746336146582,114.01457322206538
