bin,MAE,RMSE,R2
short,130.37354284602878,161.19849647146523,-508.23029284454645
medium,85.90417148724,101.06224259065414,-49.85409065428082
long,85.38671400374095,92.0964299694687,-7.935974945368942
