R2,RMSE,MAE,sMAPE_%
-7.583546878306532,121.16126829367772,99.63122904666581,111.76330398083209
