bin,MAE,RMSE,R2
short,112.92661946269311,124.70348166730746,-303.75400049023807
medium,102.37731537202194,111.70638300054036,-61.1303800663068
long,92.49377241308673,98.43929061020012,-9.209237384713537
