bin,MAE,RMSE,R2
short,147.31419816138919,164.9886696913274,-530.3736252338148
medium,135.7220934987052,152.29569693638115,-112.6320861036308
long,130.68738851403754,144.99562236919212,-5.431556256977345
