R2,RMSE,MAE,sMAPE_%
-4.915011973602846,152.91806959127788,136.7245244169096,108.36685835268717
