bin,MAE,RMSE,R2
short,148.98249914218815,155.72423834068746,-474.2309185682515
medium,115.2143050471537,124.99049117291847,-76.78609687038735
long,88.71617670949419,95.87743036476704,-8.684765805357598
