R2,RMSE,MAE,sMAPE_%
-8.73109373130486,129.00639728192144,118.86144871574032,113.24380017755394
