R2,RMSE,MAE,sMAPE_%
-6.43300840554573,112.74900840853063,103.09994364732707,108.22932309943003
