R2,RMSE,MAE,sMAPE_%
-6.075709836033797,149.5211436117336,135.28853317303725,108.92950547094502
