set,count,ratio
train,48999,0.7999967346405655
test,12250,0.20000326535943444
