bin,MAE,RMSE,R2
short,132.85751679025293,140.99655802022858,-388.6895862481487
medium,118.47695847657226,125.19855004363511,-76.65650202700769
long,100.57159727407948,106.17119906486903,-10.778327255273759
