R2,RMSE,MAE,sMAPE_%
-8.161304420555792,125.8261797436167,118.27193845243234,114.95324382408243
